<?xml version="1.0" encoding="utf-8" ?>
<!-- CentralizedClimateControl -->
<Defs>
  <ThingDef Abstract="True" Name="CentralizedClimateControlBuilding" ParentName="BuildingBase">
    <category>Building</category>
    <thingClass>Building</thingClass>
    <soundImpactDefault>BulletImpact_Metal</soundImpactDefault>
    <selectable>true</selectable>
    <drawerType>MapMeshAndRealTime</drawerType>
    <terrainAffordanceNeeded>Light</terrainAffordanceNeeded>
    <repairEffect>Repair</repairEffect>
    <leaveResourcesWhenKilled>true</leaveResourcesWhenKilled>
    <statBases>
      <Beauty>-10</Beauty>
    </statBases>
  </ThingDef>

  <ThingDef ParentName="CentralizedClimateControlBuilding">
    <defName>IntakeFan</defName>
    <label>intakeFan</label>
    <thingClass>CentralizedClimateControl.Building_IntakeFan</thingClass>
    <graphicData>
      <texPath>Things/Building/IntakeFan</texPath>
      <graphicClass>Graphic_Multi</graphicClass>
      <damageData>
        <cornerTL>Damage/Corner</cornerTL>
        <cornerTR>Damage/Corner</cornerTR>
        <cornerBL>Damage/Corner</cornerBL>
        <cornerBR>Damage/Corner</cornerBR>
      </damageData>
    </graphicData>
    <size>(1,1)</size>
    <altitudeLayer>Building</altitudeLayer>
    <passability>Impassable</passability>
    <blockWind>true</blockWind>
    <fillPercent>1</fillPercent>
    <coversFloor>true</coversFloor>
    <blockLight>true</blockLight>
    <canOverlapZones>false</canOverlapZones>
    <castEdgeShadows>true</castEdgeShadows>
    <staticSunShadowHeight>1.0</staticSunShadowHeight>
    <statBases>
      <WorkToBuild>1600</WorkToBuild>
      <MaxHitPoints>100</MaxHitPoints>
      <Flammability>1.0</Flammability>
    </statBases>
    <tickerType>Rare</tickerType>
    <description>A IntakeFan.</description>
    <costList>
      <Steel>100</Steel>
      <ComponentIndustrial>1</ComponentIndustrial>
    </costList>
    <terrainAffordanceNeeded>Heavy</terrainAffordanceNeeded>
    <drawPlaceWorkersWhileSelected>true</drawPlaceWorkersWhileSelected>
    <building>
      <canPlaceOverWall>true</canPlaceOverWall>
    </building>
    <comps>
      <li Class="CompProperties_Power">
        <compClass>CompPowerTrader</compClass>
        <basePowerConsumption>150</basePowerConsumption>
      </li>
      <li Class="CentralizedClimateControl.CompProperties_AirFlow">
        <compClass>CentralizedClimateControl.CompAirFlowProducer</compClass>
        <baseAirFlow>300.0</baseAirFlow>
        <flowType>Any</flowType>
      </li>
      <li Class="CompProperties_Flickable"/>
      <li Class="CompProperties_Breakdownable"/>
    </comps>
    <designationCategory>CentralClimateControl</designationCategory>
    <designationHotKey>Misc4</designationHotKey>
    <researchPrerequisites>
      <li>AirConditioning</li>
      <li>BasicClimateControl</li>
    </researchPrerequisites>
    <placeWorkers>
      <li>CentralizedClimateControl.PlaceWorker_IntakeFan</li>
    </placeWorkers>
  </ThingDef>

  <ThingDef Abstract="True" Name="AirPipe">
    <label>airpipe</label>
    <description>Air Pipes.</description>
    <thingClass>CentralizedClimateControl.Building_AirPipe</thingClass>
    <category>Building</category>
    <building>
      <isInert>true</isInert>
      <isEdifice>false</isEdifice>
    </building>
    <altitudeLayer>FloorEmplacement</altitudeLayer>
    <passability>Standable</passability>
    <leaveResourcesWhenKilled>false</leaveResourcesWhenKilled>
    <statBases>
      <MaxHitPoints>80</MaxHitPoints>
      <WorkToBuild>35</WorkToBuild>
      <Flammability>1.0</Flammability>
      <Beauty>-2</Beauty>
    </statBases>
    <drawerType>MapMeshAndRealTime</drawerType>
    <placingDraggableDimensions>1</placingDraggableDimensions>
    <rotatable>false</rotatable>
    <selectable>true</selectable>
    <neverMultiSelect>true</neverMultiSelect>
    <soundImpactDefault>BulletImpact_Metal</soundImpactDefault>
    <terrainAffordanceNeeded>Light</terrainAffordanceNeeded>
    <designationHotKey>Misc1</designationHotKey>
    <researchPrerequisites>
      <li>AirConditioning</li>
      <li>BasicClimateControl</li>
    </researchPrerequisites>
    <placeWorkers>
      <li>CentralizedClimateControl.PlaceWorker_AirPipe</li>
    </placeWorkers>
    <clearBuildingArea>false</clearBuildingArea>
  </ThingDef>

  <ThingDef ParentName="AirPipe">
    <defName>redAirPipe</defName>
    <label>Red Air Pipe</label>
    <description>Red Pipes for carrying air.</description>
    <thingClass>CentralizedClimateControl.Building_HotAirPipe</thingClass>
    <uiIconPath>UI/RedAirPipe</uiIconPath>
    <costList>
      <Steel>1</Steel>
    </costList>
    <graphicData>
      <texPath>Things/Building/Hot_AirPipe_Atlas</texPath>
      <graphicClass>Graphic_Single</graphicClass>
      <linkType>Basic</linkType>
      <linkFlags>
        <li>Custom6</li>
      </linkFlags>
      <damageData>
        <rect>(0,0.35,1,0.3)</rect>
      </damageData>
    </graphicData>
    <building>
      <blueprintGraphicData>
        <texPath>Things/Building/Hot_AirPipe_Blueprint_Atlas</texPath>
      </blueprintGraphicData>
    </building>
    <designationCategory>CentralClimateControl</designationCategory>
    <comps>
      <li Class="CentralizedClimateControl.CompProperties_AirFlow">
        <compClass>CentralizedClimateControl.CompAirFlowPipe</compClass>
        <flowType>Hot</flowType>
      </li>
    </comps>
  </ThingDef>

  <ThingDef ParentName="AirPipe">
    <defName>blueAirPipe</defName>
    <label>Blue Air Pipe</label>
    <description>Blue Pipes for carrying air.</description>
    <thingClass>CentralizedClimateControl.Building_ColdAirPipe</thingClass>
    <uiIconPath>UI/BlueAirPipe</uiIconPath>
    <costList>
      <Steel>1</Steel>
    </costList>
    <graphicData>
      <texPath>Things/Building/Cold_AirPipe_Atlas</texPath>
      <graphicClass>Graphic_Single</graphicClass>
      <linkType>Basic</linkType>
      <linkFlags>
        <li>Custom6</li>
      </linkFlags>
      <damageData>
        <rect>(0,0.35,1,0.3)</rect>
      </damageData>
    </graphicData>
    <building>
      <blueprintGraphicData>
        <texPath>Things/Building/Cold_AirPipe_Blueprint_Atlas</texPath>
      </blueprintGraphicData>
    </building>
    <designationCategory>CentralClimateControl</designationCategory>
    <comps>
      <li Class="CentralizedClimateControl.CompProperties_AirFlow">
        <compClass>CentralizedClimateControl.CompAirFlowPipe</compClass>
        <flowType>Cold</flowType>
      </li>
    </comps>
  </ThingDef>

  <ThingDef ParentName="AirPipe">
    <defName>cyanAirPipe</defName>
    <label>Cyan Air Pipe</label>
    <description>Cyan Air Pipes for carrying air.</description>
    <thingClass>CentralizedClimateControl.Building_FrozenAirPipe</thingClass>
    <uiIconPath>UI/CyanAirPipe</uiIconPath>
    <costList>
      <Steel>1</Steel>
    </costList>
    <graphicData>
      <texPath>Things/Building/Frozen_AirPipe_Atlas</texPath>
      <graphicClass>Graphic_Single</graphicClass>
      <linkType>Basic</linkType>
      <linkFlags>
        <li>Custom6</li>
      </linkFlags>
      <damageData>
        <rect>(0,0.35,1,0.3)</rect>
      </damageData>
    </graphicData>
    <building>
      <blueprintGraphicData>
        <texPath>Things/Building/Frozen_AirPipe_Blueprint_Atlas</texPath>
      </blueprintGraphicData>
    </building>
    <designationCategory>CentralClimateControl</designationCategory>
    <comps>
      <li Class="CentralizedClimateControl.CompProperties_AirFlow">
        <compClass>CentralizedClimateControl.CompAirFlowPipe</compClass>
        <flowType>Frozen</flowType>
      </li>
    </comps>
  </ThingDef>

  <ThingDef ParentName="CentralizedClimateControlBuilding">
    <defName>AirThermal</defName>
    <label>airThermal</label>
    <thingClass>CentralizedClimateControl.Building_AirThermal</thingClass>
    <graphicData>
      <texPath>Things/Building/AirThermal</texPath>
      <graphicClass>Graphic_Multi</graphicClass>
      <damageData>
        <cornerTL>Damage/Corner</cornerTL>
        <cornerTR>Damage/Corner</cornerTR>
        <cornerBL>Damage/Corner</cornerBL>
        <cornerBR>Damage/Corner</cornerBR>
      </damageData>
    </graphicData>
    <size>(1,1)</size>
    <altitudeLayer>Building</altitudeLayer>
    <passability>Impassable</passability>
    <blockWind>true</blockWind>
    <fillPercent>1</fillPercent>
    <coversFloor>true</coversFloor>
    <blockLight>true</blockLight>
    <canOverlapZones>false</canOverlapZones>
    <castEdgeShadows>true</castEdgeShadows>
    <staticSunShadowHeight>1.0</staticSunShadowHeight>
    <statBases>
      <WorkToBuild>1600</WorkToBuild>
      <MaxHitPoints>100</MaxHitPoints>
      <Flammability>1.0</Flammability>
    </statBases>
    <tickerType>Rare</tickerType>
    <description>A Air Heater for heating Air.</description>
    <costList>
      <Steel>200</Steel>
      <ComponentIndustrial>3</ComponentIndustrial>
    </costList>
    <terrainAffordanceNeeded>Heavy</terrainAffordanceNeeded>
    <drawPlaceWorkersWhileSelected>true</drawPlaceWorkersWhileSelected>
    <building>
      <canPlaceOverWall>true</canPlaceOverWall>
    </building>
    <comps>
      <li Class="CompProperties_Power">
        <compClass>CompPowerTrader</compClass>
        <basePowerConsumption>200</basePowerConsumption>
      </li>
      <li Class="CentralizedClimateControl.CompProperties_AirFlow">
        <compClass>CentralizedClimateControl.CompAirFlowTempControl</compClass>
        <flowType>Any</flowType>
        <thermalCapacity>900</thermalCapacity>
      </li>
      <li Class="CompProperties_Flickable"/>
      <li Class="CompProperties_TempControl"/>
      <li Class="CompProperties_Breakdownable"/>
    </comps>
    <designationCategory>CentralClimateControl</designationCategory>
    <designationHotKey>Misc4</designationHotKey>
    <researchPrerequisites>
      <li>AirConditioning</li>
      <li>BasicClimateControl</li>
    </researchPrerequisites>
    <placeWorkers>
      <li>CentralizedClimateControl.PlaceWorker_AirThermal</li>
    </placeWorkers>
  </ThingDef>

  <ThingDef ParentName="CentralizedClimateControlBuilding">
    <defName>LargeIntakeFan</defName>
    <label>largeIntakeFan</label>
    <thingClass>CentralizedClimateControl.Building_IntakeFan</thingClass>
    <graphicData>
      <drawSize>(2,2)</drawSize>
      <texPath>Things/Building/LargeIntakeFan</texPath>
      <graphicClass>Graphic_Multi</graphicClass>
      <damageData>
        <cornerTL>Damage/Corner</cornerTL>
        <cornerTR>Damage/Corner</cornerTR>
        <cornerBL>Damage/Corner</cornerBL>
        <cornerBR>Damage/Corner</cornerBR>
      </damageData>
    </graphicData>
    <size>(2,2)</size>
    <altitudeLayer>Building</altitudeLayer>
    <passability>Impassable</passability>
    <blockWind>true</blockWind>
    <fillPercent>1</fillPercent>
    <coversFloor>true</coversFloor>
    <blockLight>true</blockLight>
    <canOverlapZones>false</canOverlapZones>
    <castEdgeShadows>true</castEdgeShadows>
    <staticSunShadowHeight>1.0</staticSunShadowHeight>
    <statBases>
      <WorkToBuild>4800</WorkToBuild>
      <MaxHitPoints>300</MaxHitPoints>
      <Flammability>1.0</Flammability>
    </statBases>
    <tickerType>Rare</tickerType>
    <description>A Large IntakeFan.</description>
    <costList>
      <Steel>300</Steel>
      <ComponentIndustrial>3</ComponentIndustrial>
    </costList>
    <terrainAffordanceNeeded>Heavy</terrainAffordanceNeeded>
    <drawPlaceWorkersWhileSelected>true</drawPlaceWorkersWhileSelected>
    <building>
      <canPlaceOverWall>true</canPlaceOverWall>
    </building>
    <comps>
      <li Class="CompProperties_Power">
        <compClass>CompPowerTrader</compClass>
        <basePowerConsumption>450</basePowerConsumption>
      </li>
      <li Class="CentralizedClimateControl.CompProperties_AirFlow">
        <compClass>CentralizedClimateControl.CompAirFlowProducer</compClass>
        <baseAirFlow>1500.0</baseAirFlow>
        <flowType>Any</flowType>
      </li>
      <li Class="CompProperties_Flickable"/>
      <li Class="CompProperties_Breakdownable"/>
    </comps>
    <designationCategory>CentralClimateControl</designationCategory>
    <designationHotKey>Misc4</designationHotKey>
    <researchPrerequisites>
      <li>AirConditioning</li>
      <li>IndustrialClimateControl</li>
    </researchPrerequisites>
    <placeWorkers>
      <li>CentralizedClimateControl.PlaceWorker_IntakeFan</li>
    </placeWorkers>
  </ThingDef>

  <ThingDef ParentName="CentralizedClimateControlBuilding">
    <defName>LargeAirThermal</defName>
    <label>largeAirThermal</label>
    <thingClass>CentralizedClimateControl.Building_AirThermal</thingClass>
    <graphicData>
      <texPath>Things/Building/LargeAirThermal</texPath>
      <drawSize>(2,2)</drawSize>
      <graphicClass>Graphic_Multi</graphicClass>
      <damageData>
        <cornerTL>Damage/Corner</cornerTL>
        <cornerTR>Damage/Corner</cornerTR>
        <cornerBL>Damage/Corner</cornerBL>
        <cornerBR>Damage/Corner</cornerBR>
      </damageData>
    </graphicData>
    <size>(2,2)</size>
    <altitudeLayer>Building</altitudeLayer>
    <passability>Impassable</passability>
    <blockWind>true</blockWind>
    <fillPercent>1</fillPercent>
    <coversFloor>true</coversFloor>
    <blockLight>true</blockLight>
    <canOverlapZones>false</canOverlapZones>
    <castEdgeShadows>true</castEdgeShadows>
    <staticSunShadowHeight>1.0</staticSunShadowHeight>
    <statBases>
      <WorkToBuild>4800</WorkToBuild>
      <MaxHitPoints>300</MaxHitPoints>
      <Flammability>1.0</Flammability>
    </statBases>
    <tickerType>Rare</tickerType>
    <description>A Air Heater for heating Air.</description>
    <costList>
      <Steel>600</Steel>
      <ComponentIndustrial>9</ComponentIndustrial>
    </costList>
    <terrainAffordanceNeeded>Heavy</terrainAffordanceNeeded>
    <drawPlaceWorkersWhileSelected>true</drawPlaceWorkersWhileSelected>
    <building>
      <canPlaceOverWall>true</canPlaceOverWall>
    </building>
    <comps>
      <li Class="CompProperties_Power">
        <compClass>CompPowerTrader</compClass>
        <basePowerConsumption>600</basePowerConsumption>
      </li>
      <li Class="CentralizedClimateControl.CompProperties_AirFlow">
        <compClass>CentralizedClimateControl.CompAirFlowTempControl</compClass>
        <flowType>Any</flowType>
        <thermalCapacity>4500</thermalCapacity>
      </li>
      <li Class="CompProperties_Flickable"/>
      <li Class="CompProperties_TempControl"/>
      <li Class="CompProperties_Breakdownable"/>
    </comps>
    <designationCategory>CentralClimateControl</designationCategory>
    <designationHotKey>Misc4</designationHotKey>
    <researchPrerequisites>
      <li>AirConditioning</li>
      <li>IndustrialClimateControl</li>
    </researchPrerequisites>
    <placeWorkers>
      <li>CentralizedClimateControl.PlaceWorker_AirThermal</li>
    </placeWorkers>
  </ThingDef>
</Defs>